Workbook

Sheet Lees mij
A1: FatherFlow — pad, oefeningen en thema's
A2: Werkboek om de content opnieuw in te richten. Gegenereerd uit Supabase, 29-08-2026.
A5: KLEURCODE
A6: Geel | B6: Hier vul jij in. Alle gele cellen zijn bedoeld om aan te passen.
A7: Blauw | B7: Feit uit de database. Niet aanpassen — dit is de huidige staat.
A8: Zwart / grijs | B8: Formule of toelichting. Rekent zichzelf uit.
A10: DE TABBLADEN
A11: Huidige content | B11: Alle 36 lessen met vraag, opties, welk antwoord goed is, en de thuismissies. Per les twee gele kolommen: jouw oordeel en welk nieuw vraagtype erbij past.
A12: Diagnose | B12: Rekent de patronen uit die in de huidige oefeningen zitten. Alles op deze pagina verandert mee zodra je in Huidige content iets aanpast.
A13: Vraagtypen | B13: Negen vraagvormen om uit te kiezen, met waarom ze werken en waar ze misgaan. De namen hier vullen de dropdown in Huidige content en Nieuwe oefeningen.
A14: Herhaling | B14: Het herhaalmodel: wanneer komt iets terug, wat vervaagt, wat telt als contact.
A15: Themamodel | B15: De nieuwe indeling in units. Hier schuif je met thema's, volgorde en aantallen.
A16: Nieuwe oefeningen | B16: Werkblad om nieuwe oefeningen te schrijven. Eén ingevulde voorbeeldrij.
A18: HET KERNPROBLEEM
B19: Alle 36 oefeningen hebben dezelfde vorm: 3 opties, 1 goed, en 36 van de 36 keer de vraagstam "Wat zou de beste aanpak zijn?".
B20: Belangrijker: elke foute optie is óf te hard (dwingen, straffen, afpakken, verbieden) óf te passief (negeren, niks zeggen, laten rusten). Het goede antwoord is altijd het nieuwsgierige middenpad.
B21: Daardoor is de oefening te winnen zonder na te denken. Een vader heeft de regel na twee lessen door — kies de optie met een vraag erin — en scoort vanaf dan 100% zonder één keer aan zijn eigen kind te denken. Hij oefent antwoordvorm, niet zijn zoon.
A23: WAT DUOLINGO WÉL LEERT
B24: Afwisseling in vraagvorm, herhaling op oplopende intervallen, korte sessies met een duidelijk einde, fouten die terugkomen, en vergevingsgezinde streaks.
A25: WAT NIET
B26: Duolingo heeft objectief goede antwoorden. Opvoeden niet. Eén-goed-antwoord-uit-drie levert hier precies de gokbaarheid op die hierboven staat.
B27: Duolingo oefent de vaardigheid ín de app. Een vader oefent thuis, met zijn kind. De oefening is dus een repetitie; de echte herhaling is de thuismissie. Die kan de app niet verifiëren.
B28: Dagelijkse streakdruk werkt bij een vader die al denkt dat hij faalt averechts. Wekelijks en vergevingsgezind past beter.

Sheet Huidige content
A1: Huidige content — 36 lessen
A2: Blauw = uit de database. Geel = jouw werk. De twee laatste kolommen sturen het Diagnose-tabblad.
A4: Wereld | B4: Thema | C4: Cohort | D4: Les | E4: Lestitel | F4: Vraag | G4: Optie 1 | H4: Optie 2 | I4: Optie 3 | J4: Goed (1-3) | K4: Stam = 'beste aanpak'? | L4: Goed antw. is een vraag? | M4: Jouw oordeel | N4: Nieuw vraagtype | O4: Notitie
A5: 1 | B5: Verbinding | C5: oud | D5: 0 | E5: Als hij zich terugtrekt op zijn kamer | F5: {naam} trekt zich weer terug na het eten. Wat zou de beste aanpak {zijn}? | G5: {Hem} dwingen aan tafel te blijven. | H5: Af en toe gewoon binnenlopen zonder agenda. | I5: {Hem} er nooit meer over aanspreken. | J5: 2 | K5: =IF(ISNUMBER(SEARCH("beste aanpak",F5)),"ja","nee") | L5: =IF(ISNUMBER(SEARCH("vra",INDEX(G5:I5,J5))),"ja","nee")
A6: 1 | B6: Verbinding | C6: oud | D6: 1 | E6: Waarom een goed gesprek zelden aan tafel begint | F6: Je wil iets bespreken dat gevoelig ligt. Wat zou de beste aanpak {zijn}? | G6: Wachten tot {hij} er zelf over begint. | H6: Het gesprek laten ontstaan tijdens een activiteit samen. | I6: {Hem} aan de keukentafel zetten voor een gesprek. | J6: 2 | K6: =IF(ISNUMBER(SEARCH("beste aanpak",F6)),"ja","nee") | L6: =IF(ISNUMBER(SEARCH("vra",INDEX(G6:I6,J6))),"ja","nee")
A7: 1 | B7: Verbinding | C7: oud | D7: 2 | E7: Als "gaat wel" het enige antwoord is | F7: Je krijgt weer "gaat wel" te horen. Wat zou de beste aanpak {zijn}? | G7: Het gesprek maar laten rusten. | H7: Een concrete, kleine vraag stellen over iets specifieks. | I7: Nog een keer dezelfde brede vraag stellen. | J7: 2 | K7: =IF(ISNUMBER(SEARCH("beste aanpak",F7)),"ja","nee") | L7: =IF(ISNUMBER(SEARCH("vra",INDEX(G7:I7,J7))),"ja","nee")
A8: 1 | B8: Verbinding | C8: jong | D8: 3 | E8: Als hij ineens niks meer vertelt over school | F8: {naam} geeft bij het ophalen alleen een schouderophaal. Wat zou de beste aanpak {zijn}? | G8: Blijven doorvragen tot {hij} iets vertelt. | H8: Er verder niet meer naar vragen. | I8: Een klein, concreet dingetje vragen in plaats van "hoe was het". | J8: 3 | K8: =IF(ISNUMBER(SEARCH("beste aanpak",F8)),"ja","nee") | L8: =IF(ISNUMBER(SEARCH("vra",INDEX(G8:I8,J8))),"ja","nee")
A9: 1 | B9: Verbinding | C9: jong | D9: 4 | E9: Waarom knuffelen ineens ongemakkelijk voelt | F9: {naam} duwt je knuffel weg met een lachje. Wat zou de beste aanpak {zijn}? | G9: {Zijn} grens accepteren en een andere manier van nabijheid zoeken. | H9: Doorzetten, want knuffelen hoort er gewoon bij. | I9: Er beledigd op reageren. | J9: 1 | K9: =IF(ISNUMBER(SEARCH("beste aanpak",F9)),"ja","nee") | L9: =IF(ISNUMBER(SEARCH("vra",INDEX(G9:I9,J9))),"ja","nee")
A10: 1 | B10: Verbinding | C10: jong | D10: 5 | E10: Als "niks" het enige antwoord is | F10: Je krijgt weer "niks" als antwoord op je vraag. Wat zou de beste aanpak {zijn}? | G10: Net zo lang doorvragen tot er meer uitkomt. | H10: Het gewoon laten zitten voor vandaag. | I10: Een klein, concreet momentje van de dag noemen om op te reageren. | J10: 3 | K10: =IF(ISNUMBER(SEARCH("beste aanpak",F10)),"ja","nee") | L10: =IF(ISNUMBER(SEARCH("vra",INDEX(G10:I10,J10))),"ja","nee")
A11: 2 | B11: Emoties | C11: oud | D11: 0 | E11: Als een kleinigheid een woede-uitbarsting wordt | F11: {naam} ontploft om iets kleins. Wat zou de beste aanpak {zijn}? | G11: Zeggen dat {hij} overdrijft. | H11: Rustig blijven en vragen wat er verder nog speelt. | I11: De situatie negeren tot {hij} is gekalmeerd. | J11: 2 | K11: =IF(ISNUMBER(SEARCH("beste aanpak",F11)),"ja","nee") | L11: =IF(ISNUMBER(SEARCH("vra",INDEX(G11:I11,J11))),"ja","nee")
A12: 2 | B12: Emoties | C12: oud | D12: 1 | E12: Waarom stiltes niet altijd iets verbergen | F12: {naam} is al dagen stil. Wat zou de beste aanpak {zijn}? | G12: Net doen of er niks aan de hand is. | H12: Laten weten dat je er bent, zonder te pushen. | I12: Net zo lang doorvragen tot {hij} iets zegt. | J12: 2 | K12: =IF(ISNUMBER(SEARCH("beste aanpak",F12)),"ja","nee") | L12: =IF(ISNUMBER(SEARCH("vra",INDEX(G12:I12,J12))),"ja","nee")
A13: 2 | B13: Emoties | C13: oud | D13: 2 | E13: Als hij jou de schuld geeft van alles | F13: {naam} geeft je overal de schuld van. Wat zou de beste aanpak {zijn}? | G13: Erkennen dat {hij} gefrustreerd is en vragen wat er echt speelt. | H13: Fel verdedigen dat het niet jouw schuld is. | I13: {Hem} straffen voor het onterechte verwijt. | J13: 1 | K13: =IF(ISNUMBER(SEARCH("beste aanpak",F13)),"ja","nee") | L13: =IF(ISNUMBER(SEARCH("vra",INDEX(G13:I13,J13))),"ja","nee")
A14: 2 | B14: Emoties | C14: jong | D14: 3 | E14: Als een klein dingetje een driftbui wordt | F14: {naam} is in tranen om {zijn} doormidden gesneden boterham. Wat zou de beste aanpak {zijn}? | G14: Uitleggen dat het maar een boterham is. | H14: Eerst het gevoel benoemen, dan pas de boterham oplossen. | I14: {Hem} laten uithuilen zonder iets te zeggen. | J14: 2 | K14: =IF(ISNUMBER(SEARCH("beste aanpak",F14)),"ja","nee") | L14: =IF(ISNUMBER(SEARCH("vra",INDEX(G14:I14,J14))),"ja","nee")
A15: 2 | B15: Emoties | C15: jong | D15: 4 | E15: Waarom hij soms ineens stil wordt na school | F15: {naam} is stil op de bank na school. Wat zou de beste aanpak {zijn}? | G15: Even rustig naast {hem} gaan zitten zonder iets te vragen. | H15: Meteen vragen wat er precies is. | I15: {Hem} meteen aan iets anders zetten om {hem} op te vrolijken. | J15: 1 | K15: =IF(ISNUMBER(SEARCH("beste aanpak",F15)),"ja","nee") | L15: =IF(ISNUMBER(SEARCH("vra",INDEX(G15:I15,J15))),"ja","nee")
A16: 2 | B16: Emoties | C16: jong | D16: 5 | E16: Als hij jou overal de schuld van geeft | F16: {naam} geeft jou de schuld van {zijn} eigen te late opstaan. Wat zou de beste aanpak {zijn}? | G16: De frustratie erkennen en daarna samen naar een oplossing kijken. | H16: {Hem} er meteen op wijzen dat dit {zijn} eigen schuld is. | I16: Meteen rechtzetten wie er precies schuld heeft. | J16: 1 | K16: =IF(ISNUMBER(SEARCH("beste aanpak",F16)),"ja","nee") | L16: =IF(ISNUMBER(SEARCH("vra",INDEX(G16:I16,J16))),"ja","nee")
... A40: 6 | B40: Online | C40: jong | D40: 5 | E40: Als hij dingen napraat die hij online zag | F40: {naam} zegt of doet iets dat {hij} duidelijk ergens online heeft opgepikt. Wat zou de beste aanpak {zijn}? | G40: Nieuwsgierig vragen waar {hij} het vandaan heeft. | H40: Doen alsof je het niet gehoord hebt. | I40: Fel reageren en het meteen verbieden. | J40: 1 | K40: =IF(ISNUMBER(SEARCH("beste aanpak",F40)),"ja","nee") | L40: =IF(ISNUMBER(SEARCH("vra",INDEX(G40:I40,J40))),"ja","nee")
A42: Bron: Supabase-project ubvhksxmaqrvmkpzxfez, tabellen worlds/lessons/beats/oefening_opties, opgehaald 29-08-2026. Tokens zoals {naam} en {zijn} worden in de app vervangen door de naam en het geslacht van het kind.

Sheet Diagnose
A1: Diagnose van de huidige oefeningen
A2: Alles hier is formule over het tabblad 'Huidige content'. Pas daar iets aan en dit rekent mee.
A4: Meting | B4: Waarde | C4: Van totaal | D4: Wat het betekent
A5: Aantal oefeningen | B5: =COUNTA('Huidige content'!E5:E40) | C5: =36 | D5: Eén oefening per les, 36 lessen.
A6: Altijd precies 3 opties | B6: =36 | C6: =36 | D6: Geen enkele variatie in vorm. Geen 2-keuze, geen volgorde, geen open reflectie.
A7: Vraagstam is 'beste aanpak' | B7: =COUNTIF('Huidige content'!K5:K40,"ja") | C7: =36 | D7: Dezelfde zin, elke keer. Suggereert bovendien dat er één juist antwoord bestaat, terwijl de lessen zelf steeds zeggen dat het ervan afhangt.
A8: Goed antwoord is letterlijk een vraag | B8: =COUNTIF('Huidige content'!L5:L40,"ja") | C8: =36 | D8: Bij cohort oud is dat 12 van de 18. De rest is in dezelfde open, warme toon. Dit is de gokregel: kies de optie met een vraag erin. Telt op de stam vra*, dus vraag, vragen en doorvragen.
A9: Goed antwoord op positie 1 | B9: =COUNTIF('Huidige content'!J5:J40,1) | C9: =36 | D9: Positie is inmiddels netjes verdeeld — die eerdere fix werkt. Lost de gokbaarheid niet op, want die zit in de inhoud.
A10: Goed antwoord op positie 2 | B10: =COUNTIF('Huidige content'!J5:J40,2) | C10: =36
A11: Goed antwoord op positie 3 | B11: =COUNTIF('Huidige content'!J5:J40,3) | C11: =36
A12: Beoordeeld als 'Houden' | B12: =COUNTIF('Huidige content'!M5:M40,"Houden") | C12: =36 | D12: Vul de kolom 'Jouw oordeel' en dit loopt mee.
A13: Beoordeeld als 'Herschrijven' | B13: =COUNTIF('Huidige content'!M5:M40,"Herschrijven") | C13: =36
A14: Beoordeeld als 'Vervangen' | B14: =COUNTIF('Huidige content'!M5:M40,"Vervangen") | C14: =36
A15: Nog geen nieuw vraagtype gekozen | B15: =COUNTBLANK('Huidige content'!N5:N40) | C15: =36 | D15: Hoeveel er nog op je wachten.

Sheet Vraagtypen
A1: Vraagtypen
A2: Negen vormen om mee af te wisselen. Kolom B vult de dropdown op 'Huidige content' en 'Nieuwe oefeningen'.
A4: # | B4: Vraagtype | C4: Wat het is | D4: Waarom het werkt | E4: Waar het misgaat | F4: Te gokken? | G4: Voorbeeld
A5: 1 | B5: Beste aanpak | C5: Drie opties, één goed. Het enige type dat er nu is. | D5: Snel, en werkt waar er écht één duidelijk betere reactie is — bijvoorbeeld bij veiligheid. | E5: Zodra de foute opties te hard of te passief zijn, herkent de vader de vorm en gokt hij goed. Dat is nu bij alle 36 zo. | F5: Ja | G5: Max één per unit, en alleen als de afleiders serieus overwogen kunnen worden.
A6: 2 | B6: Twee redelijke wegen | C6: Twee opties die allebei verdedigbaar zijn. Geen fout antwoord; de feedback legt uit waar het van afhangt. | D6: Dit is hoe opvoeden echt werkt. Het dwingt tot afwegen in plaats van het juiste vakje zoeken, en past bij de eigen toon van de app. | E6: Als een van de twee stiekem tóch beter is, voelt de vader zich beetgenomen. Beide moeten echt kunnen. | F6: Nee | G6: "Hij is stil na school. Je geeft hem ruimte, of je gaat er even bij zitten. Wat past hier?"
A7: 3 | B7: Jouw eerste neiging | C7: De vader kiest eerlijk wat hij zelf zou doen, ook de harde of vermijdende reactie. | D7: Zelfkennis in plaats van een toets. Er valt niets te raden, dus je krijgt eerlijke data over waar deze vader staat. | E7: Alleen waardevol als de feedback niet veroordeelt. Wordt hij afgestraft voor zijn eerlijke antwoord, dan liegt hij de volgende keer. | F7: Nee | G7: "Wat is je eerste neiging als hij de deur dichtslaat?" — en dan wat die reflex meestal oplevert.
A8: 4 | B8: En dan? | C8: Gegeven een reactie van de vader: wat doet het kind daarna? | D8: Toetst het mentale model van het kind, niet de etiquette van de ouder. Precies wat de lessen willen overbrengen. | E8: Kinderen zijn niet voorspelbaar. Formuleer als 'meestal', nooit als zekerheid. | F8: Beperkt | G8: "Je zegt: waarom deed je dat nou? Wat gebeurt er dan meestal?"
A9: 5 | B9: Eén woord verschil | C9: Twee bijna identieke zinnen die één woord schelen. | D9: Traint precisie in taal, en dat is waar het thuis op stukloopt. Toon is niet te gokken want beide klinken redelijk. | E9: Werkt alleen als het verschil echt uitmaakt. Anders wordt het haarkloven. | F9: Nee | G9: "Waarom deed je dat?" tegenover "Wat gebeurde er?" — het eerste vraagt om verdediging.
A10: 6 | B10: Zet op volgorde | C10: Orden drie stappen in de juiste volgorde. | D10: Volgorde is een echte vaardigheid — eerst het gevoel benoemen, dán oplossen — en is niet te raden aan de toon. | E10: Niet meer dan drie stappen, anders wordt het een puzzel in plaats van een inzicht. | F10: Nee | G10: Gevoel benoemen · vragen wat er nodig is · samen oplossen.
A11: 7 | B11: Waar ging het mis | C11: Een kort dialoogje; markeer de zin waar het kantelde. | D11: Herkennen is makkelijker dan bedenken, en is de eerste stap. Werkt goed vroeg in een unit. | E11: De kantelzin moet echt aanwijsbaar zijn, anders is het een gokspel. | F11: Nee | G11: Vier regels vader-zoon, waarvan één de deur dichtgooit.
A12: 8 | B12: Terugblik | C12: Na een thuismissie: ging goed · was lastig · niet gelukt. | D12: Voedt de reflectie die er al is, en levert de enige echte data die je hebt over wat er thuis gebeurt. | E12: Moet 'niet gelukt' en 'kind was er niet' toestaan. Een lijst waar je alleen ja op kunt zeggen leert liegen. | F12: Nvt | G12: "Je zou een specifieke vraag stellen. Hoe ging dat?"
A13: 9 | B13: Opfrisser | C13: Eén vraag uit een eerdere les, opnieuw gesteld door het herhaalschema. | D13: Herhaling op oplopende intervallen is het enige bewezen deel van het Duolingo-model. Kost 20 seconden. | E13: Moet aanvoelen als een geheugensteun, niet als een overhoring. Nooit meer dan twee per sessie. | F13: Nvt | G13: Zie tabblad Herhaling voor wanneer welke opfrisser komt.

Sheet Herhaling
A1: Herhaalmodel
A2: Wanneer komt iets terug. Geel = jouw knoppen; pas de dagen aan en de rest is beschrijving.
A4: Moment | B4: Dagen na de les | C4: Wat er gebeurt | D4: Hoeveel vragen | E4: Waarom
A5: Les zelf | B5: 0 | C5: De volle les: zes beats plus een thuismissie. | D5: 1 oefening | E5: Het startpunt. Alles hieronder rekent hiervandaan.
A6: Eerste opfrisser | B6: 3 | C6: Eén vraag uit deze les, ander vraagtype dan de eerste keer. | D6: 1 | E6: Kort na het leren is de winst het grootst. Ander type, anders herken je het antwoord in plaats van de inhoud.
A7: Tweede opfrisser | B7: 10 | C7: Gemengd met een vraag uit een andere les van hetzelfde thema. | D7: 2 | E7: Door elkaar husselen werkt beter dan blokken. Het dwingt tot herkennen wélke situatie dit is.
A8: Unit-checkpoint | B8: 30 | C8: Mix van alle lessen uit de unit, plus een terugblik op de thuismissies. | D8: 4-5 | E8: Duolingo's unit-review. Sluit een thema af met een moment dat iets betekent.
A9: Onderhoud | B9: 90 | C9: Eén vraag per thema, alleen als het thema niet vanzelf terugkomt. | D9: 1 | E9: Houdt oude thema's levend zonder er werk van te maken.
A10: Fout of onzeker | B10: volgende sessie | C10: De vraag komt terug aan het begin van de eerstvolgende sessie. | D10: 1 | E10: Fouten die niet terugkomen, leren niets. Dit is Duolingo's 'mistakes inbox'.
A11: Thema vervaagt | B11: 45 zonder contact | C11: Het thema wordt op het pad zichtbaar lichter, met een opfrisser eronder. | D11: - | E11: Zichtbaar verval nodigt uit tot terugkomen. Wel zonder rood en zonder verwijt.
A13: STREAK
A14: Ritme | C14: Wekelijks, niet dagelijks. Eén contactmoment per week houdt de streak heel.
A15: Vergeving | C15: Eén gemiste week per maand telt niet als breuk. Duolingo's streak freeze, maar automatisch.
A16: Waarom | C16: Deze vaders denken al dat ze tekortschieten. Een streak van 40 die breekt is de betrouwbaarste reden om de app nooit meer te openen.
A17: Wat telt als contact | C17: Een les, een opfrisser, of een thuismissie afvinken. Niet: de app openen.

Sheet Themamodel
A1: Themamodel — van zes werelden naar units
A2: Geel is van jou. Voorstel: unit 1 verplicht als fundament, daarna kiest de vader zelf de volgorde.
A4: # | B4: Huidig thema | C4: Nieuwe unitnaam | D4: Lessen nu | E4: Lessen gewenst | F4: Verplicht? | G4: Checkpoint? | H4: Waarom deze volgorde
A5: 1 | B5: Verbinding | C5: Contact maken | D5: 3 | E5: 5 | F5: Ja | G5: Ja | H5: Fundament. Zonder contact landt geen enkel ander thema. Dit is de enige unit die vast staat.
A6: 2 | B6: Emoties | C6: Als het escaleert | D6: 3 | E6: 5 | F6: Nee | G6: Ja | H6: Meestal de reden dat een vader de app opent. Hoog in de lijst zetten.
A7: 3 | B7: Grenzen | C7: Regels en ruimte | D7: 3 | E7: 5 | F7: Nee | G7: Ja | H7: Werkt pas als er contact is; anders wordt elke regel een machtsstrijd.
A8: 4 | B8: Zelfvertrouwen | C8: Hoe hij naar zichzelf kijkt | D8: 3 | E8: 5 | F8: Nee | G8: Ja | H8: Trager thema, minder acuut. Geen haast.
A9: 5 | B9: Vriendschap en groepsdruk | C9: Vrienden en de groep | D9: 3 | E9: 5 | F9: Nee | G9: Ja | H9: Wordt urgent rond de bandovergang; laat het pad dit naar voren halen als de leeftijd erom vraagt.
A10: 6 | B10: Online | C10: Schermen en online | D10: 3 | E10: 5 | F10: Nee | G10: Ja | H10: Vaak de eerste vraag van een vader. Juist daarom niet als laatste vastzetten.
C11: Totaal per cohort | D11: =SUM(D5:D10) | E11: =SUM(E5:E10)
A13: WAT ER VERANDERT
C14: Nu: 6 werelden × 3 lessen, strikt lineair. Een vader wiens probleem schermtijd is, moet eerst vijftien lessen over iets anders doen.
C15: Voorstel: unit 1 verplicht, daarna vrije volgorde. Elke unit sluit af met een checkpoint dat de hele unit mengt.
C16: Bij 5 lessen per unit kom je op 30 per cohort. Met één unit per maand is dat 6 maanden — daarna is het kind een jaar ouder en kan het pad zich met de band vernieuwen.

Sheet Nieuwe oefeningen
A1: Werkblad: nieuwe oefeningen
A2: Rij 5 is een ingevuld voorbeeld van het type 'Twee redelijke wegen'. Schrijf daaronder verder.
A4: Unit | B4: Les | C4: Vraagtype | D4: Situatie / vraag | E4: Optie A | F4: Optie B | G4: Optie C | H4: Waar het van afhangt | I4: Feedback A | J4: Feedback B | K4: Feedback C | L4: Thuismissie | M4: Opfrisser (dag 3)
A5: Contact maken | B5: Als "gaat wel" het enige antwoord is | C5: Twee redelijke wegen | D5: {naam} zegt "gaat wel" en loopt door. Je hebt twee wegen. Welke past hier? | E5: Hem nu even laten en later terugkomen. | F5: Er meteen bij gaan zitten en iets kleins vragen. | H5: Allebei goed, het hangt af van wat er vooraf ging. Was er net gedoe, dan heeft hij ruimte nodig. Is het al dagen zo, dan is wachten een manier om er niet te zijn. | I5: Ruimte geven werkt als hij net iets zwaars achter de rug heeft. Let op dat 'later' vandaag is, niet ooit. | J5: Erbij gaan zitten werkt als de stilte al dagen duurt. Houd de vraag klein en concreet — niet "hoe was het". | L5: Stel vanavond één specifieke vraag over een klein moment van zijn dag. | M5: Wat maakte gisteren het verschil: dat je bleef zitten, of dat je hem liet?
A27: Groen = voorbeeld, niet aanpassen. Geel = jouw werk. De dropdowns in kolom A en C komen uit de tabbladen Themamodel en Vraagtypen.

Sheet Jaarritme
A1: Jaarritme — de verjaardag is het nieuwjaar
A2: Geel = knoppen om aan te draaien. De contentkosten onderaan rekenen mee.
A4: Moment | B4: Wanneer | C4: Wat er gebeurt | D4: Waarom dit moment
A5: Verjaardag | B5: Elk jaar, op de dag zelf | C5: Een kort 'nieuw jaar'-scherm: wat verandert er bij een kind van deze leeftijd, wat vroeg je vorig jaar het vaakst, wat komt eraan. Daarna wordt het pad opnieuw gevuld. | D5: De enige datum in het jaar die écht over het kind gaat. Geen app-datum, geen abonnementsdatum. Een vader voelt zelf al dat er iets verschuift; de app sluit daarop aan in plaats van een eigen ritme op te leggen.
A6: Bandgrens | B6: 3× in de 8 jaar dat hij de app gebruikt | C6: Een echte nieuwe set thema's. Dochter bij 10, 13 en 15; zoon bij 11, 14 en 16. | D6: Alleen hier verandert de ontwikkelingsfase werkelijk. Elk jaar zes nieuwe thema's beloven is niet vol te houden en ook niet waar.
A7: Jaar binnen dezelfde band | B7: De andere jaren | C7: Dezelfde thema's, maar scherpere situaties en een nieuwe trekking uit de oefenpool. Wat hij vorig jaar afmaakte staat als onderhoud, niet opnieuw als nieuw. | D7: Een band duurt 1 tot 3 jaar. Het verschil tussen 11 en 12 is echt, maar zit in de situatie, niet in het thema.
A8: Thema | B8: Elke 6 weken | C8: 4 weken nieuw materiaal, 2 weken consolidatie en checkpoint. Zes thema's vullen zo 36 weken. | D8: Een maand is te kort voor acht oefeningen plus een gewoonte die moet beklijven. Zes weken × zes thema's landt precies op een verjaardag-tot-verjaardag cyclus, met lucht.
A9: Sessie | B9: 2× per week, 5-7 minuten | C9: 3 of 4 oefeningen, getrokken uit de pool van 8. Zie tabblad Oefenpool. | D9: Kort genoeg om vol te houden op een doordeweekse avond. Vaker aanbieden dan dit levert geen extra gedragsverandering op, alleen schuldgevoel.
A10: Lucht | B10: Ongeveer 12 weken per jaar | C10: Geen nieuw thema. Alleen onderhoud, opfrissers en de chat. | D10: Vakanties, drukke periodes, en het simpele feit dat 52 weken nieuw materiaal niemand volhoudt. Ingebouwde rust is eerlijker dan een pad dat stilstaat en aanvoelt als falen.
A12: KNOPPEN
A13: Instelling | B13: Waarde | C13: Toelichting
A14: Thema's per jaar | B14: 6 | C14: Zes × zes weken = 36 weken actief.
A15: Weken per thema | B15: 6 | C15: Vier weken nieuw, twee weken consolidatie.
A16: Oefeningen per thema | B16: 8 | C16: De pool waaruit elke sessie trekt.
A17: Oefeningen per sessie | B17: 3 | C17: Uit de pool van acht. Nooit twee keer hetzelfde type achter elkaar.
A18: Sessies per week | B18: 2 | C18: Wat telt als contact voor de streak.
A19: Lessen per thema | B19: 4 | C19: Naast de oefeningen.
A21: WAT DAT KOST
A22: Berekening | B22: Uitkomst | C22: Toelichting
A23: Actieve weken per jaar | B23: =B14*B15 | C23: Thema's per jaar × weken per thema.
A24: Oefeningen per jaar per profiel | B24: =B14*B16 | C24: Wat één vader in één jaar te zien krijgt.
A25: Sessies per thema | B25: =B15*B18 | C25: Weken per thema × sessies per week.
A26: Oefening-vertoningen per thema | B26: =B15*B18*B17 | C26: Meer dan acht, dus elke oefening komt meerdere keren terug. Precies de bedoeling: dat is de herhaling.
A27: Als elk jaar volledig nieuw zou zijn | B27: =864 | C27: 6 thema's × 8 oefeningen × alle jaren in alle acht band-geslacht-combinaties. Onhaalbaar, en daarom niet het model.
A28: Skeletten (mechaniek + principe) | B28: =B14*B16 | C28: Eén skelet is de oefenvorm plus het onderliggende punt. Die zijn niet leeftijdsgebonden en worden gedeeld over alle banden.
A29: Situaties om te schrijven | B29: =B14*B16*2.5 | C29: Gemiddeld tweeënhalve situatievariant per skelet. Dít is het echte schrijfwerk, en het is af te maken.
A31: De twee groene regels zijn de kern: je schrijft niet 864 oefeningen, je schrijft 48 skeletten en ongeveer 120 situaties. Een skelet is de vorm en het punt ("twee redelijke wegen, en het hangt af van wat eraan voorafging"); de situatie is de scène, en die verschilt wél per leeftijd en geslacht.

Sheet Raamwerken
A1: Drie raamwerken voor de opbouw van een thema
A2: Drie manieren om een thema in te richten. Kies er één, of combineer per thema in de laatste kolom.
B4: A — De boog | C4: B — De gereedschapskist | D4: C — De lus
A5: In één zin | B5: Het thema is één verhaal in vier lessen: herkennen, begrijpen, proberen, volhouden. | C5: Het thema is een kist met vier tot zes losse situaties. De vader pakt wat past bij zijn week. | D5: Het thema begint met een peiling, en bedient de vader daarna op maat: oefeningen eerst, uitleg alleen waar het hapert.
A6: Volgorde | B6: Vast. Les 2 heeft les 1 nodig. | C6: Vrij. Elke situatie staat op zichzelf. | D6: Door het systeem bepaald, op basis van wat hij fout of onzeker doet.
A7: Sessie ziet eruit als | B7: Eén les plus twee oefeningen uit die les, en één opfrisser uit de vorige. | C7: Eén situatie plus drie oefeningen uit de hele themapool. | D7: Vier oefeningen uit de pool. Struikelt hij, dan schuift de bijbehorende micro-les ertussen.
A8: Oefenmix | B8: Loopt mee met de boog: herkennen vroeg (Waar ging het mis), produceren laat (Eén woord verschil). | C8: Willekeurig uit de pool van acht, gewogen op wat hij nog niet zag. | D8: Adaptief. Types waarop hij zwak scoort komen vaker.
A9: Herhaling | B9: Checkpoint aan het eind van de boog. | C9: Doorlopend: elke sessie mengt oude en nieuwe situaties. | D9: Ingebouwd — de peiling is meteen de herhaling van vorig jaar.
A10: Sterk | B10: Samenhang en emotionele opbouw. Voelt als een verhaal met een einde, en dat einde is een echt moment. | C10: Sluit aan bij de week die hij nu heeft. Geen enkele les voelt als omweg. Laagste drempel om te beginnen. | D10: Respecteert ervaring. Een vader die dit al kan wordt niet door vier lessen gesleept. Snelste weg naar waarde.
A11: Zwak | B11: Wie op les 2 vastloopt komt nooit bij les 4. En als zijn probleem in les 4 zit, moet hij eerst drie lessen door. | C11: Geen opbouw. Het risico is dat alles even oppervlakkig blijft en niets zich verdiept. | D11: Vraagt de meeste content én de meeste logica. Zonder een ruime pool valt het adaptieve stuk meteen door de mand.
A12: Bouwlast | B12: Laag. Dicht bij wat er nu al staat. | C12: Midden. Situaties moeten echt los van elkaar kunnen staan. | D12: Hoog. Peiling, scoremodel per type, en een pool die groot genoeg is om te kunnen kiezen.
A13: Past bij | B13: Fundament-thema's waar de volgorde er echt toe doet. Bijvoorbeeld Contact maken. | C13: Thema's waar de vader met een concreet probleem binnenkomt. Schermen, Als het escaleert. | D13: Het tweede jaar in dezelfde band, als hij de thema's al eens deed.
A15: ADVIES | B15: Niet één raamwerk voor alles kiezen. B is de standaard, A voor het fundament, C pas in jaar twee.
A17: Thema | B17: Raamwerk | C17: Waarom | D17: Jouw keuze
A18: Contact maken | B18: A — De boog | C18: Fundament. De volgorde doet er hier echt toe: binnenlopen zonder agenda gaat vooraf aan een gevoelig gesprek.
A19: Als het escaleert | B19: B — Gereedschapskist | C19: Hier komt hij binnen met een acuut probleem. Laat hem meteen bij zijn eigen situatie.
A20: Regels en ruimte | B20: B — Gereedschapskist | C20: Elke regelkwestie staat op zichzelf; bedtijd en telefoon delen geen opbouw.
A21: Hoe hij naar zichzelf kijkt | B21: A — De boog | C21: Traag thema dat juist wél opbouw nodig heeft, van herkennen naar benoemen.
A22: Vrienden en de groep | B22: B — Gereedschapskist | C22: Situatie-afhankelijk en sterk leeftijdsgebonden.
A23: Schermen en online | B23: B — Gereedschapskist | C23: Vaakst de aanleiding om de app te openen. Nul drempel.

Sheet Oefenpool
A1: Oefenpool — acht per thema, gemengd getrokken
A2: Hoe de acht oefeningen van een thema over de sessies verdeeld worden.
A4: Regel | B4: Wat het betekent | C4: Waarom
A5: Pool van 8 | B5: Elk thema heeft acht oefeningen. Een sessie trekt er drie. | C5: Acht is genoeg om twaalf sessies te vullen zonder dat het uitgekauwd raakt, en klein genoeg om per band te schrijven.
A6: Gewogen, niet willekeurig | B6: Volgorde van voorrang: nog nooit gezien > eerder fout of onzeker > lang geleden > recent goed. | C6: Zuiver willekeurig geeft dubbelingen in dezelfde sessie en laat zwakke plekken liggen. Dit is Duolingo's kern.
A7: Nooit twee keer hetzelfde type | B7: Binnen één sessie komt elk vraagtype hoogstens één keer voor. | C7: Afwisseling is het hele punt. Drie keer 'beste aanpak' achter elkaar is precies wat er nu misgaat.
A8: Minstens één niet-scoorbare | B8: Elke sessie bevat een Terugblik of een Jouw eerste neiging. | C8: Anders voelt het als een toets. Een van de drie moet een vraag zijn waar geen goed antwoord op bestaat.
A9: Hooguit één 'beste aanpak' | B9: Van de acht in een pool zijn er maximaal twee van dit type, en per sessie hooguit één. | C9: Dit is het gokbare type. Het mag bestaan, maar het mag het thema niet dragen.
A10: Fouten voorrang | B10: Een fout beantwoorde oefening komt terug in de eerstvolgende sessie. | C10: Fouten die niet terugkomen leren niets.
A11: Skelet en situatie apart | B11: Een oefening is een skelet (de vorm plus het punt) en een situatie (de scène). Hetzelfde skelet krijgt per band en geslacht een andere scène. | C11: Zo schrijf je 48 skeletten en ongeveer 120 situaties in plaats van 864 losse oefeningen. Dit is wat het jaarlijkse vernieuwen betaalbaar maakt.
A14: VOORBEELDVERDELING VAN ÉÉN POOL
A15: # | B15: Vraagtype | C15: Rol in het thema | D15: Skelet gedeeld over banden?
A16: 1 | B16: Waar ging het mis | C16: Opent het thema. Herkennen is makkelijker dan bedenken. | D16: Ja
A17: 2 | B17: Jouw eerste neiging | C17: Peilt waar deze vader staat. Geen goed antwoord. | D17: Ja
A18: 3 | B18: Twee redelijke wegen | C18: Kern van het thema. Het hangt ervan af, en waarvan precies. | D18: Ja
A19: 4 | B19: Twee redelijke wegen | C19: Zelfde vorm, andere situatie, ander afhankelijkheidspunt. | D19: Ja
A20: 5 | B20: Eén woord verschil | C20: Precisie in taal. Hier zit de meeste winst thuis. | D20: Deels
A21: 6 | B21: En dan? | C21: Toetst het mentale model van dit kind op deze leeftijd. | D21: Nee
A22: 7 | B22: Zet op volgorde | C22: Volgorde als vaardigheid. Niet te gokken op toon. | D22: Ja
A23: 8 | B23: Beste aanpak | C23: Het enige gokbare type in de pool. Alleen waar er echt één betere reactie is. | D23: Ja
